post_id,majority_black,majority_man,majority_white,majority_woman,majority_overall,average_black,average_man,average_white,average_woman,average_overall,gpt_cot,gemini_cot,solar_cot
awa_489,-1.0,-1.0,-1,-1.0,-1,2.0,2.0,2,2.0,2,5.0,5.0,4.0
awa_80,-1.0,1.0,1,-1.0,1,3.0,1.0,1,2.0,2,3.0,3.0,3.0
awa_62,1.0,1.0,1,1.0,1,1.0,1.0,1,1.0,1,1.0,1.0,1.0
awa_73,-1.0,1.0,1,1.0,1,2.0,1.0,1,1.0,1,1.0,1.0,
awa_180,-1.0,-1.0,3,3.0,3,2.0,2.0,3,3.0,3,4.0,3.0,4.0
awa_122,-1.0,1.0,1,1.0,1,2.0,2.0,1,1.0,2,1.0,1.0,
awa_382,-1.0,-1.0,1,2.0,-1,2.0,2.0,2,2.0,2,2.0,1.0,1.0
awa_4,-1.0,2.0,2,2.0,2,3.0,3.0,2,2.0,2,3.0,1.0,3.0
awa_175,-1.0,1.0,1,1.0,1,2.0,2.0,1,1.0,2,2.0,1.0,2.0
awa_50,1.0,1.0,1,1.0,1,1.0,1.0,1,1.0,1,1.0,1.0,
awa_154,-1.0,-1.0,-1,1.0,1,2.0,2.0,2,1.0,2,2.0,1.0,
awa_63,-1.0,1.0,1,1.0,1,2.0,1.0,1,1.0,1,2.0,2.0,3.0
awa_58,-1.0,1.0,1,-1.0,1,2.0,1.0,1,2.0,1,2.0,2.0,3.0
awa_212,1.0,1.0,1,1.0,1,1.0,1.0,1,1.0,1,3.0,3.0,3.0
awa_48,-1.0,1.0,1,1.0,1,2.0,2.0,1,1.0,1,1.0,1.0,1.0
awa_44,5.0,5.0,5,5.0,5,5.0,5.0,4,5.0,5,5.0,5.0,5.0
awa_315,1.0,1.0,1,1.0,1,1.0,1.0,1,1.0,1,1.0,1.0,
awa_552,1.0,1.0,1,1.0,1,1.0,1.0,1,1.0,1,2.0,1.0,1.0
awa_185,-1.0,2.0,2,-1.0,2,2.0,2.0,2,2.0,2,2.0,2.0,2.0
awa_306,-1.0,-1.0,2,2.0,2,2.0,2.0,2,2.0,2,2.0,4.0,4.0
awa_70,5.0,5.0,5,5.0,5,5.0,5.0,5,5.0,5,5.0,5.0,5.0
awa_244,1.0,1.0,1,1.0,1,1.0,1.0,2,2.0,2,2.0,1.0,
awa_581,-1.0,1.0,2,2.0,-1,2.0,3.0,2,2.0,2,3.0,3.0,3.0
awa_230,-1.0,3.0,1,1.0,1,2.0,2.0,2,1.0,2,2.0,1.0,2.0
awa_123,-1.0,1.0,1,1.0,1,2.0,2.0,1,1.0,2,1.0,1.0,
awa_105,-1.0,1.0,1,1.0,1,2.0,1.0,1,1.0,1,1.0,1.0,
awa_400,-1.0,-1.0,-1,2.0,-1,4.0,3.0,2,2.0,2,2.0,2.0,3.0
awa_365,1.0,1.0,1,1.0,1,1.0,1.0,1,1.0,1,1.0,1.0,1.0
awa_94,1.0,1.0,1,1.0,1,1.0,1.0,1,1.0,1,2.0,2.0,1.0
awa_181,-1.0,-1.0,1,1.0,1,2.0,2.0,1,1.0,2,2.0,1.0,1.0
awa_5,-1.0,1.0,1,-1.0,1,2.0,1.0,2,3.0,2,2.0,3.0,3.0
awa_9,1.0,1.0,1,1.0,1,1.0,1.0,1,1.0,1,3.0,1.0,3.0
awa_236,-1.0,1.0,-1,-1.0,1,2.0,2.0,2,2.0,2,2.0,1.0,2.0
awa_172,-1.0,5.0,5,1.0,5,3.0,4.0,4,1.0,3,5.0,,4.0
awa_64,-1.0,2.0,-1,-1.0,-1,4.0,2.0,2,3.0,2,5.0,,4.0
awa_111,-1.0,4.0,4,,4,2.0,3.0,4,,3,4.0,4.0,4.0
awa_107,-1.0,1.0,2,2.0,-1,2.0,2.0,2,2.0,2,3.0,2.0,3.0
awa_61,1.0,1.0,1,1.0,1,1.0,1.0,1,1.0,1,1.0,1.0,1.0
awa_372,-1.0,1.0,1,3.0,1,2.0,1.0,1,3.0,2,2.0,1.0,3.0
awa_320,1.0,1.0,1,1.0,1,1.0,1.0,1,1.0,1,1.0,1.0,1.0
awa_547,-1.0,2.0,-1,1.0,-1,2.0,2.0,2,1.0,2,2.0,1.0,1.0
awa_361,-1.0,-1.0,-1,5.0,-1,4.0,4.0,4,5.0,4,5.0,5.0,4.0
awa_413,5.0,,-1,5.0,5,5.0,,4,4.0,4,4.0,4.0,4.0
awa_265,-1.0,5.0,-1,-1.0,-1,4.0,4.0,4,2.0,4,3.0,,4.0
awa_367,-1.0,2.0,2,4.0,2,4.0,2.0,2,3.0,3,4.0,3.0,3.0
awa_499,-1.0,1.0,-1,-1.0,1,3.0,1.0,2,3.0,2,3.0,2.0,2.0
awa_362,-1.0,2.0,1,1.0,-1,4.0,2.0,1,2.0,2,1.0,1.0,1.0
awa_288,4.0,3.0,3,1.0,3,4.0,3.0,2,1.0,3,3.0,3.0,3.0
awa_140,-1.0,1.0,1,1.0,1,2.0,1.0,1,1.0,1,1.0,1.0,4.0
awa_103,3.0,-1.0,1,,-1,3.0,2.0,2,,2,2.0,3.0,1.0
awa_203,-1.0,-1.0,-1,4.0,4,4.0,4.0,2,3.0,3,4.0,5.0,4.0
awa_271,1.0,1.0,1,1.0,1,1.0,1.0,1,1.0,1,1.0,1.0,
awa_393,1.0,1.0,1,1.0,1,1.0,1.0,2,2.0,1,2.0,3.0,3.0
awa_256,1.0,1.0,-1,1.0,1,1.0,2.0,2,2.0,2,3.0,3.0,3.0
awa_516,-1.0,5.0,5,5.0,5,4.0,5.0,5,5.0,5,5.0,5.0,4.0
awa_544,1.0,1.0,1,1.0,1,1.0,1.0,2,1.0,1,2.0,1.0,
awa_343,-1.0,1.0,-1,-1.0,1,2.0,1.0,2,2.0,2,5.0,,4.0
awa_425,3.0,,-1,-1.0,-1,3.0,,3,3.0,3,4.0,4.0,4.0
awa_241,1.0,1.0,1,1.0,1,1.0,1.0,1,1.0,1,1.0,1.0,1.0
awa_309,-1.0,2.0,2,2.0,2,2.0,2.0,2,2.0,2,2.0,3.0,3.0
awa_240,1.0,1.0,1,1.0,1,1.0,1.0,1,1.0,1,2.0,2.0,1.0
awa_568,1.0,1.0,1,1.0,1,1.0,1.0,1,1.0,1,1.0,1.0,1.0
awa_411,1.0,1.0,-1,4.0,1,1.0,1.0,3,4.0,2,4.0,,3.0
awa_574,5.0,5.0,5,5.0,5,5.0,5.0,5,5.0,5,4.0,5.0,4.0
awa_272,3.0,-1.0,3,3.0,3,3.0,4.0,4,3.0,4,4.0,5.0,4.0
awa_354,-1.0,,5,5.0,5,4.0,,5,4.0,4,5.0,5.0,5.0
awa_471,5.0,-1.0,-1,5.0,5,5.0,4.0,4,5.0,4,4.0,,4.0
awa_237,5.0,5.0,5,5.0,5,5.0,5.0,5,5.0,5,5.0,5.0,5.0
awa_85,1.0,1.0,1,1.0,1,1.0,1.0,1,1.0,1,1.0,1.0,
awa_239,-1.0,-1.0,4,2.0,-1,2.0,3.0,3,2.0,2,5.0,5.0,4.0
awa_576,1.0,-1.0,3,,-1,1.0,2.0,2,,2,4.0,3.0,3.0
awa_553,1.0,1.0,-1,2.0,1,1.0,1.0,2,2.0,1,2.0,3.0,3.0
awa_532,1.0,1.0,1,1.0,1,1.0,1.0,1,1.0,1,4.0,1.0,1.0
awa_290,5.0,5.0,5,5.0,5,5.0,5.0,5,5.0,5,5.0,5.0,4.0
awa_476,-1.0,2.0,-1,-1.0,-1,2.0,2.0,4,3.0,3,4.0,,4.0
awa_247,5.0,5.0,5,5.0,5,5.0,5.0,4,4.0,4,5.0,5.0,4.0
awa_225,1.0,1.0,1,1.0,1,1.0,2.0,2,1.0,2,2.0,3.0,3.0
awa_573,-1.0,1.0,1,-1.0,1,2.0,2.0,2,2.0,2,2.0,1.0,1.0
awa_127,-1.0,1.0,1,1.0,1,2.0,2.0,1,1.0,2,4.0,3.0,3.0
awa_197,-1.0,-1.0,1,1.0,1,2.0,2.0,2,1.0,2,2.0,4.0,2.0
awa_19,1.0,1.0,1,1.0,1,1.0,1.0,1,1.0,1,1.0,1.0,
awa_616,4.0,4.0,5,5.0,-1,4.0,4.0,5,5.0,4,4.0,3.0,3.0
awa_512,5.0,5.0,-1,5.0,5,5.0,5.0,4,5.0,5,5.0,,4.0
awa_131,-1.0,5.0,5,5.0,5,4.0,4.0,5,5.0,5,5.0,5.0,4.0
awa_39,1.0,1.0,1,1.0,1,1.0,1.0,1,1.0,1,1.0,1.0,
awa_114,-1.0,1.0,1,1.0,1,2.0,2.0,1,1.0,2,4.0,,3.0
awa_257,-1.0,5.0,5,4.0,5,4.0,5.0,4,4.0,4,5.0,,4.0
awa_572,3.0,-1.0,1,1.0,1,3.0,3.0,2,1.0,2,1.0,2.0,3.0
awa_268,5.0,-1.0,5,5.0,5,5.0,4.0,4,5.0,5,5.0,5.0,4.0
awa_410,-1.0,2.0,-1,,2,2.0,2.0,2,,2,2.0,3.0,3.0
awa_394,-1.0,2.0,5,5.0,5,4.0,2.0,4,4.0,4,4.0,5.0,4.0
awa_488,5.0,5.0,5,5.0,5,5.0,5.0,5,5.0,5,5.0,5.0,5.0
awa_223,-1.0,3.0,-1,2.0,-1,2.0,3.0,2,2.0,2,4.0,3.0,3.0
awa_327,5.0,-1.0,4,-1.0,-1,5.0,2.0,3,4.0,4,4.0,5.0,4.0
awa_567,3.0,3.0,3,3.0,3,3.0,2.0,2,3.0,2,4.0,5.0,4.0
awa_38,1.0,-1.0,-1,2.0,-1,1.0,2.0,2,2.0,2,4.0,3.0,3.0
awa_381,-1.0,3.0,-1,4.0,4,4.0,3.0,3,4.0,4,4.0,4.0,3.0
awa_36,5.0,5.0,5,5.0,5,5.0,5.0,5,5.0,5,5.0,5.0,5.0
awa_138,-1.0,1.0,-1,2.0,1,2.0,2.0,2,2.0,2,4.0,3.0,3.0
awa_7,5.0,5.0,5,5.0,5,5.0,4.0,4,5.0,5,5.0,5.0,5.0
awa_432,-1.0,1.0,-1,-1.0,-1,2.0,1.0,4,4.0,3,4.0,,4.0
awa_18,-1.0,5.0,5,5.0,5,4.0,5.0,5,5.0,5,4.0,,4.0
awa_166,3.0,3.0,2,2.0,2,3.0,3.0,2,2.0,3,3.0,3.0,3.0
awa_475,5.0,-1.0,-1,5.0,-1,5.0,4.0,4,5.0,4,5.0,5.0,4.0
awa_87,-1.0,4.0,4,4.0,4,4.0,3.0,4,4.0,4,4.0,,4.0
awa_404,5.0,5.0,-1,-1.0,5,5.0,3.0,3,4.0,4,3.0,5.0,4.0
awa_536,1.0,1.0,1,1.0,1,1.0,2.0,1,1.0,1,1.0,1.0,1.0
awa_491,-1.0,-1.0,5,5.0,5,4.0,4.0,5,5.0,5,5.0,5.0,5.0
awa_508,-1.0,-1.0,-1,-1.0,2,3.0,4.0,4,3.0,3,4.0,3.0,3.0
awa_423,1.0,-1.0,-1,,-1,1.0,3.0,4,,3,4.0,,4.0
awa_108,-1.0,3.0,3,-1.0,3,2.0,2.0,3,3.0,3,4.0,3.0,4.0
awa_526,5.0,-1.0,-1,5.0,5,5.0,4.0,4,5.0,4,5.0,5.0,4.0
awa_128,-1.0,1.0,1,1.0,1,2.0,2.0,1,1.0,2,2.0,1.0,1.0
awa_207,-1.0,-1.0,-1,1.0,-1,2.0,3.0,2,1.0,2,3.0,4.0,2.0
awa_421,-1.0,3.0,-1,5.0,3,4.0,3.0,4,5.0,4,4.0,5.0,4.0
awa_594,1.0,1.0,1,1.0,1,1.0,1.0,1,1.0,1,1.0,1.0,1.0
awa_601,-1.0,4.0,4,3.0,-1,2.0,3.0,4,3.0,3,4.0,3.0,3.0
awa_285,5.0,5.0,5,5.0,5,5.0,5.0,5,5.0,5,5.0,5.0,5.0
awa_346,-1.0,1.0,1,-1.0,1,2.0,1.0,1,2.0,1,2.0,2.0,2.0
awa_174,-1.0,-1.0,5,5.0,5,4.0,3.0,4,5.0,4,5.0,5.0,4.0
awa_478,5.0,5.0,-1,,5,5.0,4.0,4,,4,5.0,5.0,4.0
awa_539,-1.0,-1.0,4,3.0,-1,2.0,3.0,3,3.0,3,2.0,2.0,4.0
awa_163,-1.0,5.0,5,5.0,5,4.0,4.0,5,5.0,4,5.0,5.0,4.0
awa_341,-1.0,-1.0,-1,-1.0,-1,4.0,4.0,4,4.0,4,4.0,4.0,4.0
awa_291,5.0,5.0,5,5.0,5,5.0,5.0,5,5.0,5,5.0,5.0,4.0
awa_621,5.0,5.0,5,-1.0,5,5.0,5.0,5,4.0,5,5.0,5.0,4.0
awa_336,5.0,,-1,5.0,5,5.0,,3,4.0,4,5.0,5.0,4.0
awa_1,1.0,1.0,1,1.0,1,1.0,1.0,1,1.0,1,2.0,1.0,1.0
awa_159,4.0,-1.0,2,2.0,2,4.0,2.0,2,2.0,2,1.0,1.0,2.0
awa_76,-1.0,3.0,-1,5.0,5,4.0,3.0,4,4.0,4,4.0,5.0,4.0
awa_363,1.0,1.0,1,1.0,1,1.0,1.0,1,1.0,1,2.0,2.0,3.0
awa_98,5.0,5.0,5,5.0,5,5.0,4.0,4,5.0,4,5.0,5.0,4.0
awa_417,5.0,5.0,5,,5,5.0,5.0,5,,5,5.0,5.0,5.0
awa_546,-1.0,1.0,-1,4.0,-1,2.0,3.0,3,4.0,3,4.0,5.0,4.0
awa_592,5.0,5.0,5,5.0,5,5.0,5.0,5,5.0,5,5.0,5.0,5.0
awa_519,5.0,5.0,-1,,5,5.0,5.0,4,,5,5.0,5.0,5.0
awa_456,5.0,-1.0,-1,5.0,5,5.0,4.0,4,5.0,4,5.0,5.0,5.0
awa_45,1.0,1.0,1,1.0,1,1.0,1.0,1,1.0,1,1.0,1.0,1.0
awa_312,-1.0,5.0,5,5.0,5,4.0,5.0,5,5.0,5,5.0,5.0,4.0
awa_10,-1.0,1.0,1,2.0,1,4.0,2.0,1,2.0,2,2.0,1.0,1.0
awa_588,1.0,1.0,1,1.0,1,1.0,1.0,1,1.0,1,1.0,1.0,
awa_246,1.0,1.0,1,1.0,1,1.0,1.0,1,1.0,1,1.0,1.0,1.0
awa_280,-1.0,-1.0,1,1.0,1,3.0,3.0,2,1.0,2,5.0,5.0,4.0
awa_524,5.0,3.0,-1,-1.0,-1,5.0,3.0,4,4.0,4,4.0,,4.0
awa_414,1.0,-1.0,5,5.0,5,1.0,3.0,5,5.0,4,4.0,5.0,4.0
awa_490,5.0,5.0,5,5.0,5,5.0,5.0,5,5.0,5,5.0,,5.0
awa_25,5.0,5.0,5,5.0,5,5.0,5.0,5,5.0,5,5.0,5.0,4.0
awa_284,-1.0,5.0,5,5.0,5,4.0,5.0,5,4.0,4,5.0,5.0,4.0
awa_579,1.0,1.0,1,1.0,1,1.0,1.0,1,1.0,1,1.0,1.0,1.0
awa_125,-1.0,1.0,1,,1,2.0,1.0,1,,1,1.0,1.0,1.0
awa_229,-1.0,-1.0,-1,-1.0,-1,4.0,4.0,3,3.0,3,3.0,4.0,3.0
awa_321,-1.0,1.0,1,1.0,1,2.0,1.0,1,2.0,2,1.0,1.0,1.0
awa_110,-1.0,1.0,1,1.0,1,2.0,1.0,1,1.0,1,1.0,1.0,
awa_494,1.0,1.0,1,,1,1.0,1.0,1,,1,1.0,1.0,1.0
awa_118,-1.0,-1.0,-1,3.0,-1,4.0,3.0,3,3.0,3,4.0,4.0,3.0
awa_97,2.0,-1.0,1,-1.0,-1,2.0,2.0,2,2.0,2,2.0,3.0,3.0
awa_380,-1.0,1.0,-1,-1.0,1,2.0,1.0,2,2.0,2,2.0,1.0,3.0
awa_276,-1.0,1.0,1,1.0,1,2.0,1.0,1,2.0,2,3.0,3.0,3.0
awa_565,1.0,1.0,1,1.0,1,1.0,2.0,2,1.0,2,2.0,2.0,
awa_401,4.0,-1.0,2,2.0,2,4.0,2.0,2,3.0,3,2.0,3.0,3.0
awa_305,-1.0,5.0,5,5.0,5,3.0,4.0,5,5.0,4,5.0,3.0,3.0
awa_506,5.0,5.0,-1,-1.0,5,5.0,5.0,4,4.0,5,5.0,,5.0
awa_523,-1.0,1.0,-1,5.0,5,3.0,1.0,4,4.0,4,4.0,,4.0
awa_53,5.0,5.0,5,5.0,5,5.0,5.0,5,5.0,5,5.0,5.0,4.0
awa_214,-1.0,3.0,3,-1.0,-1,3.0,3.0,3,3.0,3,3.0,4.0,3.0
awa_501,-1.0,-1.0,-1,2.0,2,2.0,3.0,4,2.0,3,5.0,5.0,1.0
awa_46,-1.0,1.0,1,-1.0,1,4.0,2.0,2,4.0,3,4.0,3.0,4.0
awa_407,3.0,-1.0,5,-1.0,-1,3.0,4.0,5,4.0,4,4.0,3.0,4.0
awa_30,-1.0,-1.0,4,4.0,-1,4.0,2.0,3,4.0,4,4.0,5.0,4.0
awa_408,5.0,5.0,5,5.0,5,5.0,5.0,5,5.0,5,5.0,5.0,5.0
awa_132,-1.0,-1.0,-1,-1.0,4,4.0,3.0,2,3.0,3,5.0,5.0,4.0
awa_275,2.0,2.0,1,1.0,-1,2.0,2.0,1,1.0,2,2.0,3.0,3.0
awa_377,5.0,5.0,5,5.0,5,5.0,4.0,4,5.0,5,5.0,5.0,4.0
awa_364,-1.0,5.0,5,5.0,5,4.0,5.0,4,4.0,4,5.0,,4.0
awa_258,-1.0,2.0,2,1.0,2,2.0,3.0,2,1.0,2,4.0,3.0,
awa_418,1.0,-1.0,-1,5.0,-1,1.0,2.0,4,5.0,3,4.0,5.0,4.0
awa_442,-1.0,-1.0,-1,2.0,2,2.0,2.0,3,2.0,2,4.0,,4.0
awa_100,1.0,1.0,1,-1.0,1,1.0,1.0,1,2.0,1,2.0,1.0,1.0
awa_310,-1.0,-1.0,5,5.0,5,4.0,4.0,5,5.0,4,5.0,5.0,4.0
awa_14,1.0,1.0,1,1.0,1,1.0,1.0,1,1.0,1,2.0,1.0,1.0
awa_606,,5.0,5,-1.0,5,,5.0,4,2.0,4,4.0,5.0,4.0
awa_374,-1.0,2.0,2,-1.0,2,2.0,2.0,2,2.0,2,3.0,3.0,3.0
awa_529,-1.0,2.0,2,,2,3.0,2.0,2,,2,3.0,3.0,3.0
awa_109,-1.0,1.0,1,1.0,1,2.0,1.0,1,1.0,1,1.0,1.0,
awa_165,5.0,5.0,5,5.0,5,5.0,5.0,5,5.0,5,5.0,5.0,4.0
awa_446,1.0,1.0,-1,1.0,1,1.0,1.0,3,2.0,2,2.0,,3.0
awa_11,5.0,5.0,5,5.0,5,5.0,5.0,5,5.0,5,5.0,5.0,4.0
awa_184,-1.0,5.0,5,,5,4.0,4.0,5,,4,5.0,5.0,5.0
awa_52,5.0,5.0,5,5.0,5,5.0,5.0,4,4.0,4,5.0,5.0,3.0
awa_392,-1.0,-1.0,5,5.0,5,4.0,4.0,4,4.0,4,5.0,5.0,4.0
awa_72,1.0,1.0,1,1.0,1,1.0,1.0,1,1.0,1,2.0,3.0,1.0
awa_173,-1.0,3.0,-1,4.0,3,2.0,2.0,3,4.0,3,4.0,4.0,3.0
awa_344,-1.0,-1.0,5,5.0,5,4.0,4.0,5,5.0,5,5.0,5.0,4.0
awa_252,2.0,-1.0,2,2.0,2,2.0,4.0,3,2.0,3,4.0,4.0,4.0
awa_445,-1.0,1.0,1,3.0,1,2.0,1.0,1,3.0,2,2.0,1.0,2.0
awa_389,-1.0,1.0,-1,5.0,-1,3.0,1.0,3,4.0,3,5.0,3.0,4.0
awa_232,5.0,5.0,5,5.0,5,5.0,5.0,5,5.0,5,5.0,5.0,5.0
awa_116,-1.0,-1.0,1,1.0,1,2.0,2.0,1,1.0,1,2.0,1.0,2.0
awa_170,-1.0,-1.0,1,1.0,1,2.0,3.0,2,1.0,2,2.0,2.0,3.0
awa_561,-1.0,1.0,1,1.0,1,2.0,1.0,1,1.0,1,2.0,1.0,2.0
awa_577,1.0,1.0,1,1.0,1,1.0,1.0,1,1.0,1,2.0,1.0,2.0
awa_177,-1.0,-1.0,5,5.0,5,4.0,4.0,5,5.0,4,5.0,,4.0
awa_356,5.0,5.0,3,-1.0,5,5.0,5.0,3,4.0,4,5.0,5.0,5.0
awa_469,-1.0,5.0,-1,4.0,-1,4.0,5.0,4,4.0,4,5.0,5.0,4.0
awa_65,5.0,5.0,5,-1.0,5,5.0,5.0,4,4.0,5,5.0,,4.0
awa_77,5.0,5.0,5,5.0,5,5.0,4.0,4,5.0,4,4.0,5.0,4.0
awa_188,-1.0,5.0,5,5.0,5,4.0,4.0,4,5.0,4,4.0,5.0,4.0
awa_531,1.0,2.0,2,1.0,-1,1.0,2.0,2,1.0,2,2.0,2.0,2.0
awa_106,-1.0,-1.0,2,5.0,-1,4.0,2.0,2,5.0,3,1.0,1.0,3.0
awa_625,-1.0,1.0,1,5.0,1,3.0,2.0,3,5.0,3,3.0,5.0,4.0
awa_376,1.0,1.0,1,1.0,1,1.0,1.0,1,1.0,1,1.0,1.0,1.0
awa_351,-1.0,-1.0,5,5.0,5,4.0,4.0,5,5.0,5,5.0,5.0,4.0
awa_513,4.0,4.0,-1,-1.0,4,4.0,4.0,4,4.0,4,4.0,4.0,4.0
awa_371,2.0,2.0,1,-1.0,2,2.0,2.0,1,2.0,2,2.0,3.0,2.0
awa_590,1.0,1.0,1,1.0,1,1.0,1.0,1,1.0,1,1.0,1.0,
awa_450,3.0,5.0,5,-1.0,5,3.0,5.0,5,4.0,4,5.0,5.0,5.0
awa_145,-1.0,3.0,3,5.0,-1,4.0,3.0,4,5.0,4,5.0,5.0,4.0
awa_66,5.0,-1.0,4,5.0,5,5.0,4.0,4,5.0,4,5.0,5.0,4.0
awa_409,5.0,5.0,-1,5.0,5,5.0,5.0,4,5.0,5,5.0,,4.0
awa_451,-1.0,-1.0,-1,3.0,3,2.0,3.0,4,3.0,3,5.0,4.0,4.0
awa_92,1.0,1.0,1,1.0,1,1.0,1.0,1,1.0,1,1.0,1.0,1.0
awa_387,-1.0,-1.0,1,-1.0,-1,3.0,2.0,2,2.0,2,4.0,4.0,4.0
awa_121,-1.0,5.0,5,5.0,5,4.0,5.0,5,5.0,5,5.0,,5.0
awa_89,-1.0,4.0,4,-1.0,4,4.0,3.0,3,4.0,4,4.0,4.0,4.0
awa_521,5.0,5.0,-1,-1.0,5,5.0,5.0,4,4.0,4,5.0,,5.0
awa_460,5.0,5.0,5,5.0,5,5.0,5.0,5,5.0,5,5.0,5.0,5.0
awa_369,5.0,5.0,-1,-1.0,5,5.0,5.0,4,4.0,5,5.0,5.0,5.0
awa_449,-1.0,-1.0,-1,-1.0,5,4.0,4.0,4,4.0,4,5.0,5.0,4.0
awa_472,5.0,3.0,3,5.0,-1,5.0,4.0,3,5.0,4,5.0,,3.0
awa_435,5.0,-1.0,-1,5.0,5,5.0,4.0,4,5.0,4,5.0,,4.0
awa_599,5.0,5.0,4,2.0,5,5.0,5.0,4,2.0,4,5.0,5.0,4.0
awa_578,1.0,1.0,1,,1,1.0,1.0,1,,1,1.0,1.0,
awa_56,5.0,5.0,5,5.0,5,5.0,5.0,5,5.0,5,5.0,5.0,4.0
awa_440,-1.0,1.0,1,-1.0,1,2.0,1.0,1,2.0,2,3.0,3.0,1.0
awa_348,-1.0,-1.0,1,-1.0,-1,4.0,2.0,2,4.0,3,4.0,5.0,3.0
awa_428,-1.0,5.0,-1,,5,3.0,4.0,4,,4,5.0,,4.0
awa_191,-1.0,-1.0,5,5.0,5,4.0,3.0,4,5.0,4,5.0,5.0,5.0
awa_419,3.0,3.0,-1,-1.0,3,3.0,3.0,4,4.0,4,4.0,5.0,4.0
awa_187,-1.0,1.0,1,4.0,1,4.0,2.0,2,4.0,2,2.0,1.0,2.0
awa_528,1.0,1.0,1,1.0,1,1.0,2.0,2,1.0,2,2.0,1.0,3.0
awa_527,4.0,-1.0,2,,-1,4.0,3.0,2,,3,1.0,2.0,2.0
awa_300,-1.0,4.0,5,-1.0,-1,3.0,4.0,4,3.0,4,4.0,3.0,3.0
awa_233,1.0,-1.0,-1,1.0,1,1.0,2.0,2,1.0,2,1.0,1.0,1.0
awa_81,5.0,3.0,3,5.0,5,5.0,3.0,3,5.0,4,4.0,4.0,4.0
awa_342,-1.0,-1.0,1,1.0,1,2.0,2.0,1,1.0,1,2.0,1.0,1.0
awa_99,-1.0,1.0,1,1.0,1,2.0,1.0,1,1.0,1,2.0,3.0,2.0
awa_314,-1.0,-1.0,3,-1.0,3,3.0,2.0,3,4.0,3,4.0,4.0,4.0
awa_355,1.0,1.0,-1,-1.0,1,1.0,2.0,2,2.0,2,1.0,1.0,1.0
awa_458,-1.0,-1.0,-1,2.0,2,2.0,2.0,2,2.0,2,5.0,,4.0
awa_556,1.0,1.0,1,2.0,1,1.0,1.0,2,2.0,2,1.0,1.0,1.0
awa_566,1.0,1.0,1,1.0,1,1.0,1.0,2,1.0,1,2.0,1.0,1.0
awa_93,5.0,-1.0,5,5.0,5,5.0,4.0,4,5.0,5,5.0,5.0,5.0
awa_360,-1.0,1.0,-1,4.0,-1,2.0,1.0,2,3.0,2,2.0,3.0,3.0
awa_535,1.0,1.0,2,2.0,-1,1.0,1.0,2,2.0,2,2.0,2.0,2.0
awa_332,-1.0,-1.0,-1,5.0,-1,4.0,2.0,3,4.0,3,4.0,4.0,3.0
awa_155,-1.0,1.0,1,5.0,1,2.0,2.0,2,5.0,2,2.0,2.0,3.0
awa_325,5.0,5.0,5,5.0,5,5.0,4.0,4,5.0,4,5.0,5.0,5.0
awa_503,1.0,1.0,-1,-1.0,-1,1.0,1.0,4,4.0,3,5.0,,4.0
awa_126,-1.0,-1.0,1,-1.0,-1,2.0,2.0,1,2.0,2,3.0,3.0,3.0
awa_438,-1.0,3.0,-1,-1.0,3,4.0,3.0,4,4.0,4,4.0,4.0,4.0
awa_68,-1.0,2.0,1,1.0,1,2.0,2.0,1,1.0,2,2.0,3.0,1.0
awa_353,1.0,1.0,1,1.0,1,1.0,1.0,1,1.0,1,1.0,1.0,1.0
awa_322,-1.0,2.0,-1,4.0,-1,3.0,2.0,2,3.0,3,4.0,5.0,4.0
awa_115,-1.0,3.0,5,5.0,5,4.0,4.0,4,5.0,4,5.0,5.0,5.0
awa_15,5.0,5.0,5,5.0,5,5.0,5.0,5,5.0,5,5.0,5.0,5.0
awa_27,-1.0,3.0,3,-1.0,3,4.0,3.0,4,4.0,4,4.0,5.0,4.0
awa_347,2.0,-1.0,1,-1.0,2,2.0,4.0,2,2.0,2,3.0,3.0,3.0
awa_201,-1.0,-1.0,2,5.0,-1,4.0,3.0,3,5.0,3,4.0,4.0,4.0
awa_530,3.0,3.0,3,-1.0,3,3.0,3.0,3,2.0,3,4.0,5.0,4.0
awa_277,1.0,1.0,1,1.0,1,1.0,1.0,1,1.0,1,2.0,1.0,1.0
awa_178,-1.0,1.0,1,,1,2.0,1.0,1,,1,1.0,1.0,
awa_3,2.0,2.0,1,1.0,2,2.0,2.0,2,2.0,2,2.0,2.0,1.0
awa_391,3.0,-1.0,1,1.0,1,3.0,4.0,2,2.0,2,4.0,3.0,2.0
awa_459,-1.0,1.0,3,-1.0,-1,2.0,1.0,3,2.0,2,2.0,3.0,3.0
awa_619,5.0,5.0,-1,-1.0,5,5.0,5.0,4,4.0,5,3.0,3.0,3.0
awa_292,-1.0,2.0,-1,1.0,-1,2.0,2.0,2,1.0,2,2.0,3.0,3.0
awa_295,5.0,-1.0,-1,5.0,5,5.0,4.0,4,4.0,4,4.0,5.0,3.0
awa_217,-1.0,4.0,4,3.0,-1,4.0,4.0,3,3.0,4,5.0,5.0,4.0
awa_345,-1.0,1.0,1,1.0,1,2.0,1.0,1,2.0,2,2.0,2.0,2.0
awa_620,-1.0,-1.0,5,,-1,4.0,4.0,4,,4,5.0,5.0,4.0
awa_329,-1.0,-1.0,5,5.0,5,4.0,4.0,4,4.0,4,5.0,5.0,5.0
awa_437,5.0,-1.0,-1,5.0,-1,5.0,4.0,4,5.0,4,4.0,4.0,4.0
awa_33,1.0,1.0,1,1.0,1,1.0,1.0,1,1.0,1,1.0,1.0,
awa_231,5.0,5.0,5,5.0,5,5.0,5.0,5,5.0,5,5.0,5.0,5.0
awa_261,5.0,-1.0,5,5.0,5,5.0,4.0,5,5.0,5,5.0,5.0,5.0
awa_622,5.0,5.0,5,5.0,5,5.0,4.0,4,5.0,5,5.0,5.0,5.0
awa_104,3.0,-1.0,4,-1.0,-1,3.0,3.0,3,4.0,3,4.0,3.0,3.0
awa_368,5.0,-1.0,5,5.0,5,5.0,4.0,4,5.0,4,5.0,5.0,4.0
awa_2,-1.0,-1.0,5,5.0,5,4.0,4.0,4,5.0,4,5.0,5.0,4.0
awa_176,-1.0,-1.0,5,5.0,5,4.0,2.0,4,5.0,4,5.0,5.0,4.0
awa_554,-1.0,-1.0,-1,2.0,2,2.0,3.0,3,2.0,2,2.0,1.0,2.0
awa_74,-1.0,3.0,3,3.0,3,2.0,3.0,3,3.0,3,3.0,4.0,3.0
awa_448,-1.0,4.0,-1,5.0,-1,4.0,4.0,4,5.0,4,4.0,4.0,4.0
awa_186,-1.0,3.0,3,3.0,3,4.0,4.0,3,3.0,4,5.0,5.0,4.0
awa_571,-1.0,2.0,2,,2,3.0,3.0,3,,3,4.0,5.0,3.0
awa_439,-1.0,-1.0,-1,5.0,5,3.0,2.0,4,5.0,3,4.0,,4.0
awa_219,-1.0,2.0,1,1.0,1,2.0,2.0,1,1.0,1,1.0,1.0,
awa_117,-1.0,5.0,5,5.0,5,4.0,4.0,5,5.0,4,5.0,5.0,4.0
awa_584,-1.0,1.0,-1,4.0,-1,2.0,2.0,2,4.0,2,3.0,3.0,3.0
awa_399,1.0,1.0,5,5.0,1,1.0,1.0,4,4.0,3,2.0,4.0,3.0
awa_551,1.0,1.0,1,-1.0,1,1.0,1.0,2,2.0,1,1.0,2.0,1.0
awa_209,-1.0,-1.0,3,3.0,3,4.0,4.0,3,3.0,3,,5.0,4.0
awa_334,-1.0,2.0,-1,-1.0,2,2.0,2.0,2,2.0,2,1.0,1.0,2.0
awa_301,-1.0,5.0,5,5.0,5,4.0,5.0,5,4.0,4,5.0,5.0,4.0
awa_149,-1.0,-1.0,4,-1.0,-1,4.0,2.0,4,4.0,4,5.0,5.0,4.0
awa_319,-1.0,2.0,-1,-1.0,2,4.0,3.0,2,3.0,3,3.0,5.0,4.0
awa_289,-1.0,1.0,2,2.0,2,2.0,1.0,2,3.0,2,3.0,3.0,1.0
awa_349,2.0,,1,-1.0,-1,2.0,,1,2.0,2,1.0,1.0,2.0
awa_426,-1.0,-1.0,-1,5.0,5,4.0,3.0,4,5.0,4,5.0,,4.0
awa_330,4.0,,2,2.0,2,4.0,,2,2.0,2,3.0,3.0,3.0
awa_518,2.0,2.0,-1,4.0,2,2.0,3.0,4,4.0,3,5.0,5.0,
awa_482,5.0,-1.0,-1,5.0,5,5.0,4.0,4,5.0,5,5.0,5.0,4.0
awa_283,1.0,1.0,1,1.0,1,1.0,1.0,1,1.0,1,1.0,1.0,
awa_481,5.0,4.0,4,5.0,4,5.0,4.0,4,5.0,4,5.0,5.0,3.0
awa_370,-1.0,3.0,-1,-1.0,3,4.0,3.0,2,2.0,3,4.0,4.0,3.0
awa_259,-1.0,4.0,-1,5.0,-1,4.0,4.0,4,5.0,4,5.0,5.0,4.0
awa_463,1.0,-1.0,-1,,-1,1.0,3.0,4,,3,4.0,,4.0
awa_515,-1.0,-1.0,-1,-1.0,-1,2.0,3.0,4,4.0,3,4.0,,3.0
awa_559,4.0,4.0,2,2.0,2,4.0,4.0,2,2.0,3,3.0,3.0,3.0
awa_150,3.0,-1.0,-1,1.0,-1,3.0,2.0,2,2.0,2,3.0,3.0,3.0
awa_549,1.0,1.0,1,,1,1.0,1.0,1,,1,2.0,1.0,1.0
awa_42,-1.0,1.0,1,1.0,1,2.0,1.0,1,1.0,1,2.0,1.0,2.0
awa_90,-1.0,4.0,4,-1.0,4,4.0,4.0,4,4.0,4,5.0,5.0,4.0
awa_71,5.0,5.0,5,5.0,5,5.0,5.0,5,5.0,5,5.0,5.0,4.0
awa_398,5.0,,5,5.0,5,5.0,,5,5.0,5,5.0,5.0,4.0
awa_525,3.0,-1.0,-1,3.0,3,3.0,2.0,2,3.0,3,4.0,5.0,4.0
awa_610,-1.0,-1.0,5,,-1,2.0,3.0,4,,3,5.0,5.0,4.0
awa_477,5.0,-1.0,-1,5.0,5,5.0,3.0,2,5.0,4,5.0,5.0,4.0
awa_597,-1.0,4.0,-1,5.0,-1,4.0,4.0,3,5.0,4,5.0,5.0,4.0
awa_226,-1.0,5.0,4,4.0,4,4.0,5.0,4,4.0,4,5.0,5.0,4.0
awa_253,-1.0,-1.0,5,5.0,5,2.0,3.0,4,5.0,4,5.0,5.0,5.0
awa_304,5.0,5.0,5,5.0,5,5.0,5.0,5,5.0,5,5.0,5.0,4.0
awa_366,5.0,5.0,4,4.0,-1,5.0,5.0,4,4.0,4,4.0,5.0,4.0
awa_141,-1.0,5.0,5,5.0,5,4.0,5.0,5,5.0,5,5.0,5.0,4.0
awa_335,-1.0,-1.0,1,1.0,1,2.0,2.0,1,2.0,2,2.0,2.0,2.0
awa_403,-1.0,-1.0,1,-1.0,-1,2.0,2.0,2,2.0,2,2.0,3.0,1.0
awa_69,1.0,1.0,1,1.0,1,1.0,1.0,1,1.0,1,2.0,1.0,
awa_267,1.0,1.0,1,1.0,1,1.0,1.0,1,1.0,1,1.0,1.0,
awa_589,-1.0,4.0,-1,3.0,4,4.0,4.0,4,3.0,4,5.0,5.0,4.0
awa_129,-1.0,2.0,2,-1.0,-1,4.0,3.0,3,4.0,3,5.0,5.0,4.0
awa_195,-1.0,1.0,1,,1,2.0,2.0,1,,2,2.0,3.0,3.0
awa_534,1.0,1.0,1,1.0,1,1.0,1.0,1,1.0,1,2.0,1.0,1.0
awa_383,-1.0,-1.0,1,1.0,1,4.0,2.0,1,2.0,2,4.0,3.0,3.0
awa_617,5.0,5.0,5,5.0,5,5.0,4.0,4,5.0,4,4.0,4.0,4.0
awa_262,3.0,4.0,-1,5.0,-1,3.0,4.0,4,4.0,4,4.0,,4.0
awa_156,1.0,1.0,1,1.0,1,1.0,1.0,1,1.0,1,2.0,2.0,1.0
awa_583,1.0,1.0,1,,1,1.0,1.0,1,,1,1.0,1.0,
awa_474,-1.0,5.0,-1,4.0,-1,4.0,5.0,4,4.0,4,5.0,5.0,4.0
awa_522,5.0,5.0,-1,5.0,5,5.0,5.0,4,5.0,5,5.0,5.0,4.0
awa_339,-1.0,1.0,2,2.0,2,2.0,1.0,2,2.0,2,3.0,3.0,3.0
awa_278,-1.0,-1.0,3,-1.0,-1,3.0,4.0,4,4.0,4,5.0,5.0,4.0
awa_134,-1.0,1.0,1,,1,2.0,2.0,1,,2,2.0,1.0,1.0
awa_496,5.0,5.0,5,5.0,5,5.0,5.0,5,5.0,5,5.0,5.0,4.0
awa_593,2.0,-1.0,1,,-1,2.0,2.0,3,,2,2.0,3.0,3.0
awa_468,-1.0,-1.0,2,-1.0,2,3.0,2.0,2,4.0,2,4.0,3.0,3.0
awa_545,5.0,5.0,5,5.0,5,5.0,5.0,5,5.0,5,5.0,5.0,4.0
awa_60,-1.0,4.0,4,5.0,4,4.0,4.0,4,5.0,4,5.0,5.0,4.0
awa_35,5.0,-1.0,-1,5.0,-1,5.0,3.0,2,5.0,3,4.0,5.0,4.0
awa_264,-1.0,-1.0,-1,-1.0,5,4.0,4.0,4,4.0,4,4.0,5.0,4.0
awa_83,-1.0,4.0,-1,2.0,-1,3.0,4.0,4,3.0,3,4.0,,4.0
awa_502,-1.0,-1.0,-1,-1.0,-1,4.0,4.0,4,4.0,4,5.0,,4.0
awa_168,-1.0,-1.0,-1,-1.0,-1,4.0,3.0,3,3.0,3,3.0,,4.0
awa_279,-1.0,-1.0,2,2.0,2,2.0,3.0,3,2.0,3,2.0,4.0,2.0
awa_420,-1.0,-1.0,-1,5.0,-1,2.0,2.0,4,5.0,3,4.0,3.0,4.0
awa_206,-1.0,5.0,5,4.0,5,4.0,5.0,5,4.0,5,5.0,5.0,4.0
awa_340,-1.0,-1.0,2,2.0,2,4.0,2.0,2,3.0,3,4.0,5.0,4.0
awa_560,1.0,1.0,1,1.0,1,1.0,2.0,2,1.0,1,3.0,3.0,3.0
awa_243,1.0,1.0,1,1.0,1,1.0,2.0,2,1.0,1,1.0,2.0,1.0
awa_96,5.0,-1.0,-1,5.0,5,5.0,4.0,4,5.0,4,4.0,5.0,4.0
awa_555,-1.0,4.0,2,-1.0,-1,2.0,3.0,3,2.0,3,3.0,3.0,3.0
awa_12,2.0,-1.0,-1,2.0,2,2.0,2.0,2,2.0,2,2.0,1.0,3.0
awa_487,5.0,-1.0,-1,5.0,5,5.0,4.0,4,5.0,4,4.0,5.0,4.0
awa_537,-1.0,2.0,2,-1.0,-1,2.0,2.0,2,2.0,2,4.0,2.0,3.0
awa_307,-1.0,-1.0,5,5.0,5,4.0,4.0,4,4.0,4,5.0,,4.0
awa_287,-1.0,5.0,4,-1.0,-1,4.0,4.0,4,4.0,4,4.0,,4.0
awa_431,2.0,2.0,-1,2.0,2,2.0,2.0,2,2.0,2,4.0,1.0,
awa_497,-1.0,2.0,-1,1.0,1,2.0,2.0,2,2.0,2,2.0,3.0,3.0
awa_541,1.0,1.0,1,1.0,1,1.0,2.0,2,1.0,2,3.0,1.0,1.0
awa_434,5.0,-1.0,-1,2.0,-1,5.0,4.0,3,2.0,4,5.0,,4.0
awa_112,-1.0,1.0,1,1.0,1,2.0,1.0,1,1.0,1,1.0,1.0,
awa_538,-1.0,-1.0,4,5.0,-1,3.0,2.0,3,5.0,3,4.0,3.0,4.0
awa_596,5.0,5.0,5,5.0,5,5.0,5.0,5,5.0,5,5.0,,5.0
awa_569,1.0,-1.0,2,2.0,2,1.0,2.0,2,2.0,2,2.0,3.0,
awa_318,5.0,5.0,5,5.0,5,5.0,5.0,5,5.0,5,5.0,5.0,5.0
awa_13,5.0,5.0,5,5.0,5,5.0,4.0,4,5.0,4,4.0,5.0,2.0
awa_604,5.0,5.0,4,-1.0,5,5.0,5.0,4,4.0,5,5.0,5.0,5.0
awa_21,5.0,-1.0,-1,5.0,5,5.0,3.0,3,4.0,4,5.0,5.0,4.0
awa_266,-1.0,-1.0,1,1.0,1,2.0,2.0,2,2.0,2,3.0,3.0,3.0
awa_311,-1.0,2.0,1,1.0,1,2.0,2.0,2,2.0,2,2.0,2.0,3.0
awa_338,5.0,5.0,5,5.0,5,5.0,5.0,5,5.0,5,5.0,5.0,4.0
awa_88,-1.0,-1.0,-1,2.0,2,4.0,3.0,2,3.0,3,5.0,5.0,3.0
awa_455,5.0,-1.0,-1,-1.0,5,5.0,4.0,2,4.0,4,5.0,5.0,5.0
awa_298,-1.0,4.0,-1,5.0,5,4.0,4.0,4,5.0,4,5.0,5.0,4.0
awa_452,-1.0,1.0,-1,-1.0,1,2.0,1.0,2,4.0,2,4.0,3.0,1.0
awa_49,-1.0,1.0,1,-1.0,-1,4.0,2.0,2,4.0,3,3.0,3.0,3.0
awa_520,5.0,5.0,-1,-1.0,5,5.0,5.0,4,4.0,4,5.0,5.0,4.0
awa_198,3.0,3.0,2,-1.0,-1,3.0,3.0,2,2.0,2,3.0,,4.0
awa_263,-1.0,4.0,-1,5.0,-1,4.0,4.0,4,5.0,4,5.0,,4.0
awa_352,-1.0,1.0,-1,5.0,-1,3.0,1.0,3,4.0,3,4.0,5.0,4.0
awa_457,5.0,5.0,5,5.0,5,5.0,5.0,5,5.0,5,5.0,5.0,5.0
awa_210,4.0,5.0,5,4.0,5,4.0,4.0,4,4.0,4,5.0,5.0,4.0
awa_480,-1.0,1.0,1,-1.0,1,4.0,1.0,1,3.0,2,2.0,3.0,4.0
awa_234,-1.0,-1.0,1,1.0,1,2.0,2.0,2,1.0,2,5.0,5.0,4.0
awa_485,3.0,-1.0,-1,3.0,3,3.0,2.0,2,3.0,2,4.0,4.0,3.0
awa_464,5.0,5.0,-1,-1.0,5,5.0,5.0,4,4.0,4,5.0,5.0,5.0
awa_495,1.0,1.0,5,5.0,5,1.0,1.0,5,5.0,4,3.0,,3.0
awa_269,3.0,-1.0,3,3.0,3,3.0,3.0,3,3.0,3,5.0,5.0,4.0
awa_137,3.0,3.0,-1,-1.0,-1,3.0,4.0,4,4.0,4,5.0,5.0,5.0
awa_575,1.0,1.0,1,1.0,1,1.0,2.0,1,1.0,1,2.0,3.0,2.0
awa_31,-1.0,3.0,3,-1.0,3,2.0,3.0,2,2.0,2,3.0,3.0,2.0
awa_182,-1.0,-1.0,-1,-1.0,-1,2.0,2.0,2,2.0,2,1.0,1.0,3.0
awa_357,-1.0,-1.0,-1,-1.0,-1,3.0,3.0,4,4.0,3,5.0,,4.0
awa_611,5.0,5.0,5,5.0,5,5.0,5.0,5,5.0,5,5.0,5.0,4.0
awa_453,4.0,2.0,2,4.0,-1,4.0,2.0,2,4.0,3,3.0,3.0,2.0
awa_422,1.0,1.0,-1,-1.0,1,1.0,1.0,3,3.0,2,2.0,3.0,2.0
awa_160,-1.0,-1.0,3,3.0,3,2.0,3.0,4,4.0,3,4.0,5.0,4.0
awa_29,5.0,5.0,5,5.0,5,5.0,5.0,5,5.0,5,5.0,5.0,5.0
awa_618,-1.0,-1.0,4,4.0,4,4.0,3.0,4,4.0,4,4.0,5.0,4.0
awa_466,3.0,2.0,-1,-1.0,-1,3.0,2.0,3,4.0,3,5.0,3.0,3.0
awa_505,1.0,1.0,-1,1.0,1,1.0,1.0,2,1.0,1,5.0,,4.0
awa_179,-1.0,3.0,3,-1.0,3,4.0,3.0,3,4.0,4,5.0,5.0,4.0
awa_390,5.0,2.0,2,5.0,2,5.0,3.0,2,5.0,3,5.0,,4.0
awa_255,-1.0,-1.0,4,-1.0,-1,2.0,3.0,4,4.0,3,4.0,3.0,4.0
awa_242,3.0,-1.0,5,5.0,5,3.0,4.0,5,4.0,4,5.0,5.0,4.0
awa_542,1.0,-1.0,-1,-1.0,1,1.0,3.0,3,2.0,3,4.0,5.0,4.0
awa_146,3.0,3.0,2,-1.0,3,3.0,2.0,2,2.0,2,2.0,3.0,3.0
awa_95,5.0,5.0,5,5.0,5,5.0,5.0,5,5.0,5,5.0,5.0,5.0
awa_570,1.0,1.0,1,1.0,1,1.0,1.0,1,1.0,1,1.0,1.0,
awa_607,5.0,5.0,5,5.0,5,5.0,5.0,5,5.0,5,5.0,5.0,4.0
awa_388,-1.0,2.0,-1,-1.0,-1,2.0,2.0,2,2.0,2,1.0,1.0,1.0
awa_167,-1.0,1.0,1,1.0,1,2.0,1.0,1,1.0,1,2.0,3.0,2.0
awa_605,5.0,5.0,5,5.0,5,5.0,4.0,4,5.0,5,5.0,5.0,4.0
awa_316,5.0,4.0,4,-1.0,-1,5.0,4.0,3,3.0,4,4.0,4.0,4.0
awa_59,5.0,5.0,5,5.0,5,5.0,5.0,5,5.0,5,5.0,,5.0
awa_492,3.0,-1.0,-1,2.0,-1,3.0,4.0,3,2.0,3,5.0,,4.0
awa_17,5.0,5.0,5,5.0,5,5.0,5.0,4,4.0,4,4.0,,4.0
awa_57,5.0,5.0,5,5.0,5,5.0,4.0,4,5.0,4,5.0,5.0,4.0
awa_595,1.0,1.0,1,1.0,1,1.0,1.0,1,1.0,1,1.0,1.0,2.0
awa_213,1.0,1.0,1,1.0,1,1.0,1.0,1,1.0,1,2.0,2.0,2.0
awa_136,-1.0,4.0,-1,5.0,4,3.0,4.0,4,5.0,4,5.0,5.0,4.0
awa_587,-1.0,2.0,-1,4.0,-1,3.0,3.0,3,4.0,3,3.0,3.0,2.0
awa_302,5.0,5.0,5,5.0,5,5.0,5.0,5,5.0,5,5.0,5.0,5.0
awa_444,4.0,-1.0,-1,4.0,4,4.0,4.0,4,4.0,4,5.0,,5.0
awa_221,2.0,2.0,5,-1.0,2,2.0,3.0,4,4.0,3,4.0,4.0,4.0
awa_405,-1.0,-1.0,2,2.0,2,4.0,2.0,2,3.0,3,4.0,,4.0
awa_313,1.0,1.0,1,1.0,1,1.0,1.0,1,1.0,1,2.0,1.0,
awa_143,-1.0,5.0,5,,5,4.0,5.0,5,,5,5.0,5.0,5.0
awa_189,-1.0,-1.0,-1,-1.0,-1,2.0,2.0,3,3.0,3,4.0,5.0,4.0
awa_623,3.0,3.0,5,5.0,5,3.0,4.0,4,5.0,4,5.0,5.0,4.0
awa_235,5.0,5.0,-1,5.0,5,5.0,5.0,4,5.0,5,5.0,5.0,4.0
awa_196,-1.0,5.0,5,,5,4.0,5.0,5,,5,5.0,5.0,4.0
awa_78,-1.0,4.0,4,-1.0,4,4.0,4.0,4,4.0,4,4.0,3.0,4.0
awa_220,-1.0,4.0,4,5.0,4,3.0,3.0,3,5.0,3,5.0,5.0,4.0
awa_479,-1.0,5.0,-1,-1.0,-1,4.0,5.0,4,3.0,4,5.0,,4.0
awa_509,-1.0,-1.0,-1,-1.0,-1,2.0,2.0,4,4.0,3,4.0,,3.0
awa_614,3.0,-1.0,-1,3.0,3,3.0,2.0,2,3.0,2,4.0,3.0,3.0
awa_580,1.0,1.0,1,1.0,1,1.0,1.0,1,1.0,1,2.0,1.0,1.0
awa_293,-1.0,-1.0,1,-1.0,1,3.0,2.0,2,3.0,3,4.0,,3.0
awa_473,-1.0,2.0,5,5.0,5,3.0,2.0,5,5.0,4,4.0,,4.0
awa_331,-1.0,2.0,4,-1.0,-1,4.0,2.0,4,4.0,4,5.0,,5.0
awa_8,1.0,-1.0,2,1.0,1,1.0,2.0,2,1.0,2,4.0,,4.0
awa_153,-1.0,5.0,5,,5,4.0,4.0,4,,4,5.0,5.0,4.0
awa_386,5.0,5.0,5,5.0,5,5.0,5.0,5,5.0,5,5.0,5.0,4.0
awa_215,5.0,-1.0,4,5.0,5,5.0,4.0,4,5.0,4,5.0,5.0,4.0
awa_119,2.0,1.0,1,2.0,1,2.0,2.0,2,2.0,2,3.0,2.0,2.0
awa_227,1.0,1.0,1,1.0,1,1.0,1.0,1,1.0,1,2.0,3.0,1.0
awa_144,5.0,5.0,5,5.0,5,5.0,4.0,4,4.0,4,5.0,5.0,4.0
awa_429,1.0,1.0,1,1.0,1,1.0,1.0,1,1.0,1,2.0,1.0,3.0
awa_350,1.0,1.0,1,1.0,1,1.0,1.0,1,1.0,1,2.0,1.0,
awa_624,4.0,5.0,5,-1.0,5,4.0,5.0,5,4.0,5,5.0,5.0,4.0
awa_200,-1.0,5.0,5,5.0,5,4.0,4.0,5,5.0,4,5.0,5.0,5.0
awa_34,1.0,-1.0,1,1.0,1,1.0,2.0,2,2.0,2,5.0,3.0,4.0
awa_54,-1.0,5.0,-1,1.0,5,4.0,4.0,3,2.0,3,3.0,5.0,4.0
awa_224,-1.0,-1.0,1,1.0,1,2.0,2.0,1,1.0,1,1.0,1.0,2.0
awa_152,-1.0,-1.0,-1,,-1,2.0,2.0,2,,2,2.0,3.0,1.0
awa_0,1.0,-1.0,1,1.0,1,1.0,2.0,2,1.0,2,2.0,1.0,
awa_281,-1.0,-1.0,4,-1.0,4,3.0,3.0,3,4.0,3,4.0,5.0,4.0
awa_216,-1.0,1.0,-1,4.0,-1,2.0,3.0,3,4.0,3,5.0,5.0,4.0
awa_548,4.0,2.0,-1,3.0,-1,4.0,2.0,2,3.0,2,4.0,4.0,4.0
awa_211,-1.0,-1.0,4,4.0,4,4.0,4.0,4,4.0,4,4.0,5.0,4.0
awa_462,-1.0,-1.0,-1,5.0,-1,4.0,3.0,3,5.0,4,4.0,,4.0
awa_192,-1.0,5.0,-1,4.0,5,4.0,4.0,4,4.0,4,4.0,5.0,4.0
awa_326,5.0,-1.0,5,5.0,5,5.0,4.0,5,5.0,5,5.0,5.0,4.0
awa_591,5.0,5.0,5,4.0,5,5.0,5.0,4,4.0,4,5.0,5.0,4.0
awa_37,-1.0,-1.0,5,5.0,5,3.0,3.0,4,4.0,4,4.0,5.0,4.0
awa_41,1.0,1.0,1,1.0,1,1.0,1.0,1,1.0,1,2.0,1.0,1.0
awa_82,-1.0,-1.0,5,5.0,5,4.0,4.0,5,5.0,5,5.0,5.0,5.0
awa_585,1.0,1.0,1,1.0,1,1.0,1.0,1,1.0,1,1.0,1.0,
awa_406,4.0,-1.0,5,5.0,-1,4.0,4.0,4,4.0,4,5.0,5.0,4.0
awa_412,-1.0,2.0,2,-1.0,2,3.0,2.0,2,3.0,2,3.0,3.0,3.0
awa_260,-1.0,4.0,4,-1.0,4,3.0,4.0,4,4.0,4,4.0,5.0,4.0
awa_511,-1.0,4.0,4,5.0,4,4.0,3.0,4,5.0,4,5.0,,4.0
awa_397,-1.0,2.0,5,5.0,5,4.0,2.0,5,5.0,4,5.0,,4.0
awa_504,5.0,5.0,5,5.0,5,5.0,5.0,5,5.0,5,5.0,5.0,5.0
awa_385,-1.0,3.0,1,1.0,1,4.0,3.0,2,3.0,3,4.0,5.0,4.0
awa_139,3.0,3.0,-1,4.0,3,3.0,3.0,4,4.0,3,4.0,4.0,4.0
awa_199,1.0,1.0,5,5.0,-1,1.0,2.0,4,5.0,3,3.0,4.0,3.0
awa_51,-1.0,1.0,1,1.0,1,2.0,1.0,1,2.0,1,1.0,1.0,1.0
awa_222,1.0,1.0,1,1.0,1,1.0,2.0,2,1.0,1,2.0,3.0,1.0
awa_379,5.0,-1.0,-1,5.0,5,5.0,3.0,4,4.0,4,5.0,5.0,4.0
awa_395,-1.0,-1.0,2,5.0,-1,4.0,2.0,3,4.0,3,5.0,,5.0
awa_130,-1.0,-1.0,-1,-1.0,4,4.0,4.0,3,3.0,4,5.0,,5.0
awa_171,-1.0,2.0,-1,5.0,-1,4.0,3.0,4,5.0,4,5.0,5.0,4.0
awa_543,1.0,1.0,1,1.0,1,1.0,2.0,2,1.0,2,2.0,1.0,2.0
awa_55,5.0,5.0,5,5.0,5,5.0,4.0,4,5.0,4,5.0,5.0,5.0
awa_245,-1.0,5.0,5,5.0,5,4.0,4.0,5,5.0,4,4.0,5.0,4.0
awa_23,-1.0,-1.0,1,1.0,1,2.0,2.0,1,1.0,2,2.0,3.0,3.0
awa_164,2.0,4.0,4,5.0,4,2.0,3.0,4,5.0,4,5.0,5.0,4.0
awa_294,5.0,5.0,5,5.0,5,5.0,5.0,5,5.0,5,5.0,5.0,4.0
awa_26,1.0,1.0,1,1.0,1,1.0,2.0,2,1.0,2,2.0,1.0,4.0
awa_32,-1.0,-1.0,2,5.0,-1,4.0,3.0,3,4.0,4,5.0,4.0,4.0
awa_204,-1.0,1.0,1,-1.0,1,2.0,2.0,1,2.0,2,1.0,2.0,3.0
awa_148,-1.0,-1.0,-1,3.0,3,4.0,4.0,4,3.0,4,4.0,4.0,4.0
awa_28,5.0,5.0,5,5.0,5,5.0,4.0,4,5.0,4,5.0,5.0,4.0
awa_299,5.0,5.0,5,5.0,5,5.0,5.0,5,5.0,5,5.0,5.0,5.0
awa_142,-1.0,5.0,5,5.0,5,4.0,4.0,5,5.0,4,5.0,5.0,4.0
awa_540,-1.0,3.0,-1,1.0,3,4.0,3.0,2,1.0,2,3.0,3.0,3.0
awa_169,2.0,2.0,2,2.0,2,2.0,2.0,2,2.0,2,2.0,3.0,2.0
awa_16,-1.0,5.0,5,5.0,5,4.0,5.0,5,5.0,5,5.0,5.0,4.0
awa_562,1.0,1.0,1,1.0,1,1.0,1.0,1,1.0,1,2.0,3.0,1.0
awa_373,5.0,5.0,5,-1.0,5,5.0,5.0,5,4.0,5,5.0,5.0,4.0
awa_582,-1.0,2.0,2,2.0,2,2.0,2.0,2,2.0,2,4.0,3.0,3.0
awa_563,1.0,1.0,1,1.0,1,1.0,1.0,1,1.0,1,2.0,1.0,2.0
awa_333,5.0,5.0,5,5.0,5,5.0,4.0,4,5.0,4,5.0,5.0,4.0
awa_396,5.0,-1.0,5,5.0,5,5.0,3.0,4,5.0,4,5.0,5.0,5.0
awa_470,5.0,5.0,-1,5.0,5,5.0,5.0,4,5.0,5,5.0,5.0,5.0
awa_384,-1.0,1.0,-1,-1.0,1,3.0,1.0,2,3.0,2,1.0,1.0,2.0
awa_133,-1.0,-1.0,2,2.0,2,4.0,3.0,3,3.0,3,2.0,1.0,2.0
awa_297,-1.0,5.0,5,5.0,5,4.0,5.0,5,4.0,5,5.0,5.0,5.0
awa_40,5.0,-1.0,5,5.0,5,5.0,3.0,4,5.0,4,5.0,5.0,4.0
awa_202,-1.0,5.0,5,5.0,5,4.0,4.0,5,5.0,5,5.0,5.0,4.0
awa_113,-1.0,2.0,-1,3.0,2,2.0,2.0,2,3.0,2,5.0,,3.0
awa_323,-1.0,-1.0,5,5.0,5,4.0,4.0,4,5.0,4,5.0,5.0,4.0
awa_443,-1.0,5.0,5,5.0,5,4.0,5.0,5,5.0,5,5.0,,4.0
awa_564,1.0,1.0,1,-1.0,1,1.0,1.0,1,2.0,1,1.0,1.0,1.0
awa_248,5.0,5.0,5,5.0,5,5.0,5.0,5,5.0,5,5.0,5.0,5.0
awa_436,-1.0,2.0,-1,-1.0,-1,4.0,2.0,2,3.0,3,3.0,5.0,4.0
awa_296,1.0,1.0,1,1.0,1,1.0,1.0,1,1.0,1,1.0,1.0,1.0
awa_120,-1.0,1.0,1,,1,2.0,1.0,1,,1,1.0,1.0,1.0
awa_433,5.0,5.0,5,5.0,5,5.0,5.0,5,5.0,5,5.0,5.0,5.0
awa_612,5.0,5.0,5,5.0,5,5.0,5.0,5,5.0,5,5.0,5.0,4.0
awa_558,-1.0,1.0,3,3.0,-1,2.0,1.0,2,3.0,2,2.0,1.0,3.0
awa_193,3.0,2.0,2,-1.0,2,3.0,2.0,2,2.0,2,2.0,3.0,3.0
awa_402,-1.0,5.0,5,-1.0,5,4.0,4.0,4,3.0,4,5.0,5.0,4.0
awa_615,1.0,1.0,-1,-1.0,1,1.0,2.0,3,3.0,3,4.0,3.0,4.0
awa_22,1.0,1.0,-1,1.0,1,1.0,1.0,2,1.0,1,2.0,1.0,1.0
awa_358,5.0,-1.0,5,5.0,5,5.0,4.0,5,5.0,5,5.0,5.0,5.0
awa_483,-1.0,-1.0,-1,-1.0,5,4.0,4.0,4,4.0,4,4.0,5.0,3.0
awa_190,-1.0,-1.0,5,5.0,5,4.0,4.0,4,5.0,4,5.0,5.0,4.0
awa_91,-1.0,3.0,3,-1.0,3,2.0,3.0,2,2.0,2,4.0,4.0,4.0
awa_208,-1.0,3.0,-1,-1.0,3,2.0,4.0,3,2.0,3,4.0,3.0,4.0
awa_274,4.0,-1.0,3,-1.0,-1,4.0,3.0,2,3.0,3,5.0,5.0,4.0
awa_598,-1.0,5.0,-1,2.0,5,3.0,4.0,4,2.0,3,4.0,4.0,4.0
awa_124,-1.0,5.0,5,5.0,5,4.0,4.0,5,5.0,4,5.0,5.0,5.0
awa_249,1.0,1.0,2,-1.0,1,1.0,2.0,2,2.0,2,3.0,3.0,2.0
awa_517,1.0,2.0,2,,2,1.0,2.0,2,,2,5.0,,4.0
awa_303,-1.0,5.0,5,-1.0,5,2.0,5.0,5,2.0,4,5.0,,4.0
awa_67,-1.0,2.0,-1,5.0,-1,4.0,3.0,4,5.0,4,5.0,5.0,5.0
awa_84,4.0,-1.0,5,5.0,5,4.0,4.0,4,5.0,4,4.0,4.0,4.0
awa_359,-1.0,-1.0,2,2.0,2,2.0,2.0,2,2.0,2,5.0,,3.0
awa_328,-1.0,1.0,1,-1.0,1,3.0,2.0,2,3.0,3,3.0,3.0,3.0
awa_514,3.0,3.0,-1,1.0,3,3.0,3.0,2,1.0,2,2.0,1.0,3.0
awa_228,1.0,2.0,-1,1.0,1,1.0,2.0,2,1.0,1,1.0,1.0,1.0
awa_609,5.0,5.0,-1,3.0,5,5.0,4.0,4,3.0,4,5.0,5.0,4.0
awa_161,-1.0,1.0,1,-1.0,1,2.0,2.0,2,2.0,2,4.0,3.0,3.0
awa_337,-1.0,1.0,1,-1.0,1,2.0,1.0,1,2.0,1,1.0,1.0,1.0
awa_600,1.0,1.0,1,1.0,1,1.0,1.0,1,1.0,1,1.0,1.0,1.0
awa_86,1.0,1.0,1,3.0,1,1.0,1.0,2,3.0,2,2.0,1.0,3.0
awa_430,-1.0,-1.0,2,-1.0,2,3.0,2.0,2,4.0,2,4.0,,4.0
awa_135,-1.0,1.0,1,-1.0,1,2.0,2.0,1,2.0,2,1.0,1.0,1.0
awa_427,5.0,4.0,-1,5.0,5,5.0,4.0,4,5.0,5,5.0,5.0,5.0
awa_162,-1.0,2.0,2,-1.0,2,2.0,2.0,2,2.0,2,4.0,,3.0
awa_308,5.0,5.0,5,5.0,5,5.0,5.0,4,4.0,5,5.0,5.0,5.0
awa_484,5.0,,-1,5.0,5,5.0,,4,4.0,4,5.0,,4.0
awa_424,-1.0,3.0,-1,5.0,-1,4.0,4.0,4,5.0,4,5.0,5.0,4.0
awa_454,-1.0,-1.0,2,-1.0,2,4.0,2.0,2,4.0,3,4.0,5.0,4.0
awa_102,3.0,3.0,1,1.0,1,3.0,2.0,2,1.0,2,2.0,,1.0
awa_324,-1.0,-1.0,2,1.0,-1,2.0,3.0,2,1.0,2,2.0,3.0,1.0
awa_415,3.0,-1.0,-1,5.0,-1,3.0,2.0,4,5.0,3,5.0,5.0,4.0
awa_270,5.0,-1.0,5,5.0,5,5.0,4.0,5,5.0,5,5.0,5.0,5.0
awa_205,1.0,1.0,1,1.0,1,1.0,1.0,1,1.0,1,1.0,1.0,
awa_465,-1.0,2.0,-1,-1.0,2,3.0,2.0,2,2.0,2,3.0,3.0,2.0
awa_47,-1.0,-1.0,1,1.0,1,3.0,3.0,1,1.0,2,2.0,1.0,3.0
awa_467,1.0,1.0,1,1.0,1,1.0,1.0,1,1.0,1,1.0,1.0,1.0
awa_602,5.0,5.0,5,5.0,5,5.0,5.0,5,5.0,5,5.0,5.0,5.0
awa_218,-1.0,-1.0,5,5.0,5,4.0,4.0,4,4.0,4,5.0,5.0,4.0
awa_500,-1.0,5.0,-1,4.0,5,4.0,4.0,4,4.0,4,5.0,,5.0
awa_24,5.0,5.0,5,5.0,5,5.0,5.0,5,5.0,5,5.0,5.0,5.0
awa_75,-1.0,1.0,1,1.0,1,2.0,1.0,1,1.0,1,1.0,1.0,3.0
awa_378,1.0,1.0,1,1.0,1,1.0,1.0,1,1.0,1,1.0,1.0,1.0
awa_20,3.0,3.0,2,2.0,-1,3.0,3.0,2,2.0,2,4.0,5.0,4.0
awa_101,4.0,4.0,-1,-1.0,4,4.0,4.0,2,2.0,3,4.0,3.0,3.0
awa_251,-1.0,5.0,1,1.0,1,2.0,5.0,2,2.0,2,4.0,3.0,2.0
awa_608,5.0,5.0,5,5.0,5,5.0,5.0,5,5.0,5,5.0,5.0,4.0
awa_282,-1.0,5.0,-1,4.0,-1,4.0,5.0,4,4.0,4,4.0,5.0,4.0
awa_194,-1.0,5.0,5,5.0,5,4.0,4.0,5,5.0,5,5.0,5.0,5.0
awa_498,-1.0,1.0,-1,2.0,-1,2.0,1.0,2,2.0,2,3.0,,4.0
awa_147,-1.0,2.0,5,5.0,-1,2.0,2.0,3,4.0,3,4.0,5.0,4.0
awa_79,-1.0,3.0,3,-1.0,-1,4.0,4.0,4,4.0,4,5.0,5.0,4.0
awa_507,5.0,4.0,4,5.0,-1,5.0,4.0,4,5.0,4,5.0,,5.0
awa_510,5.0,5.0,5,5.0,5,5.0,5.0,5,5.0,5,5.0,5.0,5.0
awa_375,-1.0,-1.0,4,4.0,4,4.0,4.0,3,3.0,4,5.0,,4.0
awa_586,1.0,1.0,1,1.0,1,1.0,2.0,2,1.0,2,2.0,1.0,2.0
awa_493,3.0,3.0,1,1.0,-1,3.0,3.0,1,2.0,2,2.0,1.0,1.0
awa_286,5.0,-1.0,-1,5.0,5,5.0,4.0,4,5.0,5,5.0,,4.0
awa_6,-1.0,-1.0,-1,-1.0,-1,3.0,3.0,3,3.0,3,5.0,5.0,5.0
awa_557,-1.0,-1.0,-1,2.0,-1,2.0,3.0,3,2.0,3,4.0,3.0,1.0
awa_250,2.0,2.0,2,2.0,2,2.0,2.0,2,2.0,2,2.0,4.0,2.0
awa_183,5.0,-1.0,5,5.0,5,5.0,4.0,5,5.0,5,5.0,5.0,4.0
awa_603,3.0,-1.0,1,1.0,1,3.0,3.0,2,1.0,2,3.0,3.0,3.0
awa_254,-1.0,1.0,1,-1.0,1,2.0,2.0,2,2.0,2,2.0,3.0,3.0
awa_416,1.0,-1.0,-1,1.0,1,1.0,2.0,2,1.0,1,4.0,2.0,4.0
awa_43,5.0,5.0,5,5.0,5,5.0,5.0,5,5.0,5,5.0,5.0,5.0
awa_486,5.0,5.0,-1,,5,5.0,4.0,4,,4,5.0,,5.0
awa_238,-1.0,1.0,1,1.0,1,2.0,1.0,2,2.0,2,1.0,1.0,3.0
awa_273,4.0,-1.0,4,4.0,4,4.0,3.0,3,4.0,3,5.0,5.0,4.0
awa_441,-1.0,1.0,1,-1.0,1,2.0,1.0,1,2.0,2,5.0,,3.0
awa_550,1.0,1.0,1,-1.0,1,1.0,1.0,1,2.0,1,2.0,2.0,2.0
awa_151,-1.0,-1.0,1,1.0,1,2.0,2.0,2,2.0,2,1.0,1.0,1.0
awa_461,-1.0,3.0,-1,-1.0,-1,4.0,3.0,4,4.0,4,5.0,,4.0
awa_158,-1.0,1.0,1,,1,2.0,1.0,1,,1,2.0,1.0,1.0
awa_447,-1.0,-1.0,-1,-1.0,-1,3.0,2.0,2,4.0,3,2.0,1.0,
awa_157,-1.0,1.0,1,1.0,1,2.0,1.0,1,1.0,1,1.0,1.0,1.0
awa_613,5.0,5.0,4,-1.0,5,5.0,5.0,4,3.0,4,5.0,5.0,4.0
awa_317,3.0,,1,1.0,1,3.0,,1,2.0,2,1.0,1.0,2.0
awa_533,1.0,1.0,1,,1,1.0,1.0,1,,1,2.0,1.0,1.0
